batch_idx,sample_idx,quality,codec,codec_name,representation,eval_domain,bpp,bits_total,encoding_time_s,decoding_time_s,zfile,y,x,psnr_amp,ssim_amp,complex_corr_mean,complex_corr_std,phase_err_mean,phase_err_std
0,0,1,jpeg2000,JPEG2000,channels,slc,13.026448567708334,10244416,0.6421087819617242,0.503572546876967,/lustre/scratch/1001/rdelprete/ssm_dataset/focused/PT3/s1c-s1-raw-s-vv-20250424t170801-20250424t170839-002038-0042df.zarr,0,0,7.085883140563965,0.09564929455518723,0.6086991429328918,,0.47300827503204346,
0,1,1,jpeg2000,JPEG2000,channels,slc,9.947123209635416,7822736,0.49247120693325996,0.41440803394652903,/lustre/scratch/1001/rdelprete/ssm_dataset/focused/PT3/s1c-s1-raw-s-vv-20250424t170801-20250424t170839-002038-0042df.zarr,0,512,17.28868865966797,0.36733919382095337,0.7680827975273132,,0.379880428314209,
0,2,1,jpeg2000,JPEG2000,channels,slc,10.3980712890625,8177376,0.5128014979418367,0.43025949294678867,/lustre/scratch/1001/rdelprete/ssm_dataset/focused/PT3/s1c-s1-raw-s-vv-20250424t170801-20250424t170839-002038-0042df.zarr,0,1024,17.816923141479492,0.2540413737297058,0.7237319350242615,,0.4150846004486084,
0,3,1,jpeg2000,JPEG2000,channels,slc,9.306691487630209,7319080,0.4712281140964478,0.3960478878580034,/lustre/scratch/1001/rdelprete/ssm_dataset/focused/PT3/s1c-s1-raw-s-vv-20250424t170801-20250424t170839-002038-0042df.zarr,0,1536,23.046234130859375,-0.03789817914366722,0.6321826577186584,,0.643934965133667,
0,0,2,jpeg2000,JPEG2000,channels,slc,7.991933186848958,6285112,0.6046773698180914,0.34531030198559165,/lustre/scratch/1001/rdelprete/ssm_dataset/focused/PT3/s1c-s1-raw-s-vv-20250424t170801-20250424t170839-002038-0042df.zarr,0,0,7.067819118499756,0.09516690671443939,0.6078435182571411,,0.4738227128982544,
0,1,2,jpeg2000,JPEG2000,channels,slc,7.997477213541667,6289472,0.49925972102209926,0.34633777220733464,/lustre/scratch/1001/rdelprete/ssm_dataset/focused/PT3/s1c-s1-raw-s-vv-20250424t170801-20250424t170839-002038-0042df.zarr,0,512,17.266752243041992,0.36533021926879883,0.7669167518615723,,0.3808829188346863,
0,2,2,jpeg2000,JPEG2000,channels,slc,7.996805826822917,6288944,0.5191326008643955,0.3459142211358994,/lustre/scratch/1001/rdelprete/ssm_dataset/focused/PT3/s1c-s1-raw-s-vv-20250424t170801-20250424t170839-002038-0042df.zarr,0,1024,17.80759048461914,0.2516869902610779,0.7227631211280823,,0.41694629192352295,
0,3,2,jpeg2000,JPEG2000,channels,slc,7.995758056640625,6288120,0.47851045499555767,0.35173903009854257,/lustre/scratch/1001/rdelprete/ssm_dataset/focused/PT3/s1c-s1-raw-s-vv-20250424t170801-20250424t170839-002038-0042df.zarr,0,1536,23.03611946105957,-0.036955300718545914,0.6316608190536499,,0.6459369659423828,
0,0,4,jpeg2000,JPEG2000,channels,slc,3.9980672200520835,3144208,0.6026841709390283,0.18927839887328446,/lustre/scratch/1001/rdelprete/ssm_dataset/focused/PT3/s1c-s1-raw-s-vv-20250424t170801-20250424t170839-002038-0042df.zarr,0,0,7.142543315887451,0.08975431323051453,0.6034792065620422,,0.4726529121398926,
0,1,4,jpeg2000,JPEG2000,channels,slc,3.9946187337239585,3141496,0.4970203849952668,0.18973950599320233,/lustre/scratch/1001/rdelprete/ssm_dataset/focused/PT3/s1c-s1-raw-s-vv-20250424t170801-20250424t170839-002038-0042df.zarr,0,512,17.1461181640625,0.34648895263671875,0.7544648051261902,,0.3900507688522339,
0,2,4,jpeg2000,JPEG2000,channels,slc,3.9910481770833335,3138688,0.5173747420776635,0.19206858682446182,/lustre/scratch/1001/rdelprete/ssm_dataset/focused/PT3/s1c-s1-raw-s-vv-20250424t170801-20250424t170839-002038-0042df.zarr,0,1024,17.84952735900879,0.23207056522369385,0.7107520699501038,,0.4302300214767456,
0,3,4,jpeg2000,JPEG2000,channels,slc,3.998138427734375,3144264,0.4778399271890521,0.19270920101553202,/lustre/scratch/1001/rdelprete/ssm_dataset/focused/PT3/s1c-s1-raw-s-vv-20250424t170801-20250424t170839-002038-0042df.zarr,0,1536,23.01047134399414,-0.025307636708021164,0.6238486766815186,,0.6566630601882935,
0,0,8,jpeg2000,JPEG2000,channels,slc,1.993743896484375,1567944,0.6010758348274976,0.1179651040583849,/lustre/scratch/1001/rdelprete/ssm_dataset/focused/PT3/s1c-s1-raw-s-vv-20250424t170801-20250424t170839-002038-0042df.zarr,0,0,7.574381351470947,0.07960937172174454,0.6006171703338623,,0.4594295024871826,
0,1,8,jpeg2000,JPEG2000,channels,slc,1.996856689453125,1570392,0.49915578681975603,0.11905192420817912,/lustre/scratch/1001/rdelprete/ssm_dataset/focused/PT3/s1c-s1-raw-s-vv-20250424t170801-20250424t170839-002038-0042df.zarr,0,512,17.730554580688477,0.33698782324790955,0.7434698939323425,,0.3824003338813782,
0,2,8,jpeg2000,JPEG2000,channels,slc,1.9994099934895833,1572400,0.5177034209482372,0.11914376099593937,/lustre/scratch/1001/rdelprete/ssm_dataset/focused/PT3/s1c-s1-raw-s-vv-20250424t170801-20250424t170839-002038-0042df.zarr,0,1024,18.234840393066406,0.20809343457221985,0.6849393844604492,,0.4426652193069458,
0,3,8,jpeg2000,JPEG2000,channels,slc,1.9986673990885417,1571816,0.4768315132241696,0.12093758303672075,/lustre/scratch/1001/rdelprete/ssm_dataset/focused/PT3/s1c-s1-raw-s-vv-20250424t170801-20250424t170839-002038-0042df.zarr,0,1536,23.409103393554688,-0.0204430241137743,0.5981715321540833,,0.6490029096603394,
0,0,16,jpeg2000,JPEG2000,channels,slc,0.9998982747395834,786352,0.6007292368449271,0.08507601101882756,/lustre/scratch/1001/rdelprete/ssm_dataset/focused/PT3/s1c-s1-raw-s-vv-20250424t170801-20250424t170839-002038-0042df.zarr,0,0,8.90661334991455,0.07293166220188141,0.6250163316726685,,0.40528732538223267,
0,1,16,jpeg2000,JPEG2000,channels,slc,0.9976908365885416,784616,0.495165100088343,0.08401933615095913,/lustre/scratch/1001/rdelprete/ssm_dataset/focused/PT3/s1c-s1-raw-s-vv-20250424t170801-20250424t170839-002038-0042df.zarr,0,512,18.88912010192871,0.31949856877326965,0.7297983169555664,,0.36439603567123413,
0,2,16,jpeg2000,JPEG2000,channels,slc,1.0002543131510417,786632,0.5145448062103242,0.08594174101017416,/lustre/scratch/1001/rdelprete/ssm_dataset/focused/PT3/s1c-s1-raw-s-vv-20250424t170801-20250424t170839-002038-0042df.zarr,0,1024,19.653915405273438,0.2002059370279312,0.6612467169761658,,0.4324021339416504,
0,3,16,jpeg2000,JPEG2000,channels,slc,0.99859619140625,785328,0.4743533218279481,0.08606712683103979,/lustre/scratch/1001/rdelprete/ssm_dataset/focused/PT3/s1c-s1-raw-s-vv-20250424t170801-20250424t170839-002038-0042df.zarr,0,1536,23.796863555908203,-0.023123109713196754,0.5619037747383118,,0.5829075574874878,
0,0,32,jpeg2000,JPEG2000,channels,slc,0.498870849609375,392328,0.6001320881769061,0.06852059415541589,/lustre/scratch/1001/rdelprete/ssm_dataset/focused/PT3/s1c-s1-raw-s-vv-20250424t170801-20250424t170839-002038-0042df.zarr,0,0,10.328393936157227,0.06851888447999954,0.6609094142913818,,0.33127909898757935,
0,1,32,jpeg2000,JPEG2000,channels,slc,0.49591064453125,390000,0.49587874417193234,0.06960975611582398,/lustre/scratch/1001/rdelprete/ssm_dataset/focused/PT3/s1c-s1-raw-s-vv-20250424t170801-20250424t170839-002038-0042df.zarr,0,512,20.709606170654297,0.3213384747505188,0.7448309063911438,,0.3050888180732727,
0,2,32,jpeg2000,JPEG2000,channels,slc,0.4989522298177083,392392,0.5153555239085108,0.06949790986254811,/lustre/scratch/1001/rdelprete/ssm_dataset/focused/PT3/s1c-s1-raw-s-vv-20250424t170801-20250424t170839-002038-0042df.zarr,0,1024,20.99951934814453,0.16675631701946259,0.6396902799606323,,0.38052117824554443,
0,3,32,jpeg2000,JPEG2000,channels,slc,0.497528076171875,391272,0.4768420890904963,0.06960161402821541,/lustre/scratch/1001/rdelprete/ssm_dataset/focused/PT3/s1c-s1-raw-s-vv-20250424t170801-20250424t170839-002038-0042df.zarr,0,1536,24.711753845214844,-0.004414075054228306,0.5232212543487549,,0.47911232709884644,
0,0,64,jpeg2000,JPEG2000,channels,slc,0.24677530924479166,194072,0.5996222582180053,0.05918262992054224,/lustre/scratch/1001/rdelprete/ssm_dataset/focused/PT3/s1c-s1-raw-s-vv-20250424t170801-20250424t170839-002038-0042df.zarr,0,0,11.565799713134766,0.06418133527040482,0.6987578868865967,,0.27316081523895264,
0,1,64,jpeg2000,JPEG2000,channels,slc,0.24974568684895834,196408,0.49439459200948477,0.060981980757787824,/lustre/scratch/1001/rdelprete/ssm_dataset/focused/PT3/s1c-s1-raw-s-vv-20250424t170801-20250424t170839-002038-0042df.zarr,0,512,22.97307014465332,0.25167176127433777,0.7729650139808655,,0.20580065250396729,
0,2,64,jpeg2000,JPEG2000,channels,slc,0.24644978841145834,193816,0.5140122019220144,0.06036513298749924,/lustre/scratch/1001/rdelprete/ssm_dataset/focused/PT3/s1c-s1-raw-s-vv-20250424t170801-20250424t170839-002038-0042df.zarr,0,1024,22.422664642333984,0.141055628657341,0.6212061643600464,,0.3761173486709595,
0,3,64,jpeg2000,JPEG2000,channels,slc,0.24788411458333334,194944,0.47438640985637903,0.0614387821406126,/lustre/scratch/1001/rdelprete/ssm_dataset/focused/PT3/s1c-s1-raw-s-vv-20250424t170801-20250424t170839-002038-0042df.zarr,0,1536,25.41935920715332,0.04475371539592743,0.48906561732292175,,0.33238357305526733,
1,4,1,jpeg2000,JPEG2000,channels,slc,11.834096272786459,9306712,0.5632838350720704,0.47216988797299564,/lustre/scratch/1001/rdelprete/ssm_dataset/focused/PT3/s1c-s1-raw-s-vv-20250424t170801-20250424t170839-002038-0042df.zarr,0,2048,16.517723083496094,-0.23254452645778656,0.06292443722486496,,0.7284210324287415,
1,5,1,jpeg2000,JPEG2000,channels,slc,10.246063232421875,8057832,0.5062450889963657,0.4247646469157189,/lustre/scratch/1001/rdelprete/ssm_dataset/focused/PT3/s1c-s1-raw-s-vv-20250424t170801-20250424t170839-002038-0042df.zarr,0,2560,26.425134658813477,-0.048828743398189545,0.45868173241615295,,0.6135300993919373,
1,6,1,jpeg2000,JPEG2000,channels,slc,10.171579996744791,7999256,0.5036859458778054,0.4217162230052054,/lustre/scratch/1001/rdelprete/ssm_dataset/focused/PT3/s1c-s1-raw-s-vv-20250424t170801-20250424t170839-002038-0042df.zarr,0,3072,25.010202407836914,0.23639756441116333,0.7534085512161255,,0.44020843505859375,
1,7,1,jpeg2000,JPEG2000,channels,slc,10.9715576171875,8628384,0.5310778098646551,0.44678433518856764,/lustre/scratch/1001/rdelprete/ssm_dataset/focused/PT3/s1c-s1-raw-s-vv-20250424t170801-20250424t170839-002038-0042df.zarr,0,3584,19.831462860107422,0.29272517561912537,0.8208544850349426,,0.37104475498199463,
1,4,2,jpeg2000,JPEG2000,channels,slc,7.997639973958333,6289600,0.5681357549037784,0.34855054994113743,/lustre/scratch/1001/rdelprete/ssm_dataset/focused/PT3/s1c-s1-raw-s-vv-20250424t170801-20250424t170839-002038-0042df.zarr,0,2048,16.495208740234375,-0.22867082059383392,0.0627344623208046,,0.729837954044342,
1,5,2,jpeg2000,JPEG2000,channels,slc,7.999053955078125,6290712,0.5134709451813251,0.3457334318663925,/lustre/scratch/1001/rdelprete/ssm_dataset/focused/PT3/s1c-s1-raw-s-vv-20250424t170801-20250424t170839-002038-0042df.zarr,0,2560,26.416120529174805,-0.047687750309705734,0.4578908383846283,,0.6144014596939087,
1,6,2,jpeg2000,JPEG2000,channels,slc,7.999613444010417,6291152,0.5097536970861256,0.3462327062152326,/lustre/scratch/1001/rdelprete/ssm_dataset/focused/PT3/s1c-s1-raw-s-vv-20250424t170801-20250424t170839-002038-0042df.zarr,0,3072,25.001407623291016,0.23458559811115265,0.752316951751709,,0.44175857305526733,
1,7,2,jpeg2000,JPEG2000,channels,slc,7.997406005859375,6289416,0.5391528201289475,0.34773268084973097,/lustre/scratch/1001/rdelprete/ssm_dataset/focused/PT3/s1c-s1-raw-s-vv-20250424t170801-20250424t170839-002038-0042df.zarr,0,3584,19.8110294342041,0.2894631624221802,0.819337010383606,,0.3735186457633972,
1,4,4,jpeg2000,JPEG2000,channels,slc,3.996307373046875,3142824,0.56697603687644,0.1895003488752991,/lustre/scratch/1001/rdelprete/ssm_dataset/focused/PT3/s1c-s1-raw-s-vv-20250424t170801-20250424t170839-002038-0042df.zarr,0,2048,16.380229949951172,-0.1961916834115982,0.05528229847550392,,0.7414276599884033,
1,5,4,jpeg2000,JPEG2000,channels,slc,3.9911397298177085,3138760,0.5119989817030728,0.1901515901554376,/lustre/scratch/1001/rdelprete/ssm_dataset/focused/PT3/s1c-s1-raw-s-vv-20250424t170801-20250424t170839-002038-0042df.zarr,0,2560,26.403989791870117,-0.03886568173766136,0.44373640418052673,,0.6262757778167725,
1,6,4,jpeg2000,JPEG2000,channels,slc,3.9952901204427085,3142024,0.508265889948234,0.1907579528633505,/lustre/scratch/1001/rdelprete/ssm_dataset/focused/PT3/s1c-s1-raw-s-vv-20250424t170801-20250424t170839-002038-0042df.zarr,0,3072,24.96356964111328,0.21367290616035461,0.7373205423355103,,0.45839154720306396,
1,7,4,jpeg2000,JPEG2000,channels,slc,3.9970804850260415,3143432,0.5374153619632125,0.19107072986662388,/lustre/scratch/1001/rdelprete/ssm_dataset/focused/PT3/s1c-s1-raw-s-vv-20250424t170801-20250424t170839-002038-0042df.zarr,0,3584,19.91632843017578,0.2703041434288025,0.8044945597648621,,0.3911095857620239,
1,4,8,jpeg2000,JPEG2000,channels,slc,1.998443603515625,1571640,0.5657567598391324,0.11853995081037283,/lustre/scratch/1001/rdelprete/ssm_dataset/focused/PT3/s1c-s1-raw-s-vv-20250424t170801-20250424t170839-002038-0042df.zarr,0,2048,17.309823989868164,-0.1858353614807129,0.028285164386034012,,0.6862789392471313,
1,5,8,jpeg2000,JPEG2000,channels,slc,1.9941914876302083,1568296,0.5110245689284056,0.11799960606731474,/lustre/scratch/1001/rdelprete/ssm_dataset/focused/PT3/s1c-s1-raw-s-vv-20250424t170801-20250424t170839-002038-0042df.zarr,0,2560,26.879899978637695,-0.03686264157295227,0.41174015402793884,,0.6085708141326904,
1,6,8,jpeg2000,JPEG2000,channels,slc,1.9970296223958333,1570528,0.5072072830516845,0.11788778891786933,/lustre/scratch/1001/rdelprete/ssm_dataset/focused/PT3/s1c-s1-raw-s-vv-20250424t170801-20250424t170839-002038-0042df.zarr,0,3072,25.39375114440918,0.19209164381027222,0.7051047086715698,,0.4751495122909546,
1,7,8,jpeg2000,JPEG2000,channels,slc,1.9948933919270833,1568848,0.5355974929407239,0.1195776870008558,/lustre/scratch/1001/rdelprete/ssm_dataset/focused/PT3/s1c-s1-raw-s-vv-20250424t170801-20250424t170839-002038-0042df.zarr,0,3584,20.354656219482422,0.24372145533561707,0.7674682140350342,,0.42029130458831787,
1,4,16,jpeg2000,JPEG2000,channels,slc,0.99847412109375,785232,0.5664310047868639,0.08415675116702914,/lustre/scratch/1001/rdelprete/ssm_dataset/focused/PT3/s1c-s1-raw-s-vv-20250424t170801-20250424t170839-002038-0042df.zarr,0,2048,18.703113555908203,-0.16323813796043396,0.15589575469493866,,0.5868197083473206,
1,5,16,jpeg2000,JPEG2000,channels,slc,0.999969482421875,786408,0.5108909208793193,0.08435398410074413,/lustre/scratch/1001/rdelprete/ssm_dataset/focused/PT3/s1c-s1-raw-s-vv-20250424t170801-20250424t170839-002038-0042df.zarr,0,2560,27.95929718017578,-0.0331212542951107,0.38515323400497437,,0.574849009513855,
1,6,16,jpeg2000,JPEG2000,channels,slc,0.9980570475260416,784904,0.5064530991949141,0.08422154700383544,/lustre/scratch/1001/rdelprete/ssm_dataset/focused/PT3/s1c-s1-raw-s-vv-20250424t170801-20250424t170839-002038-0042df.zarr,0,3072,26.59559440612793,0.17603231966495514,0.6658669710159302,,0.4828353524208069,
1,7,16,jpeg2000,JPEG2000,channels,slc,0.9974772135416666,784448,0.5349341749679297,0.08637397387064993,/lustre/scratch/1001/rdelprete/ssm_dataset/focused/PT3/s1c-s1-raw-s-vv-20250424t170801-20250424t170839-002038-0042df.zarr,0,3584,21.771848678588867,0.2506442368030548,0.7321853637695312,,0.4230804443359375,
1,4,32,jpeg2000,JPEG2000,channels,slc,0.4971720377604167,390992,0.5648769289255142,0.06753081921488047,/lustre/scratch/1001/rdelprete/ssm_dataset/focused/PT3/s1c-s1-raw-s-vv-20250424t170801-20250424t170839-002038-0042df.zarr,0,2048,20.235393524169922,-0.1525195986032486,0.27357199788093567,,0.4815865755081177,
1,5,32,jpeg2000,JPEG2000,channels,slc,0.4951070149739583,389368,0.509328723885119,0.06996779097244143,/lustre/scratch/1001/rdelprete/ssm_dataset/focused/PT3/s1c-s1-raw-s-vv-20250424t170801-20250424t170839-002038-0042df.zarr,0,2560,29.734697341918945,-0.03171781077980995,0.3831653892993927,,0.4159284830093384,
1,6,32,jpeg2000,JPEG2000,channels,slc,0.49542236328125,389616,0.5062139229848981,0.0699244448915124,/lustre/scratch/1001/rdelprete/ssm_dataset/focused/PT3/s1c-s1-raw-s-vv-20250424t170801-20250424t170839-002038-0042df.zarr,0,3072,27.82209587097168,0.16176633536815643,0.6424424052238464,,0.39849281311035156,
1,7,32,jpeg2000,JPEG2000,channels,slc,0.4957478841145833,389872,0.5341541019733995,0.06898628710769117,/lustre/scratch/1001/rdelprete/ssm_dataset/focused/PT3/s1c-s1-raw-s-vv-20250424t170801-20250424t170839-002038-0042df.zarr,0,3584,22.94683074951172,0.2090020626783371,0.6682302355766296,,0.44630205631256104,
1,4,64,jpeg2000,JPEG2000,channels,slc,0.24784342447916666,194912,0.5638944550883025,0.0608831939753145,/lustre/scratch/1001/rdelprete/ssm_dataset/focused/PT3/s1c-s1-raw-s-vv-20250424t170801-20250424t170839-002038-0042df.zarr,0,2048,22.176387786865234,-0.0911499410867691,0.42088866233825684,,0.2993759512901306,
1,5,64,jpeg2000,JPEG2000,channels,slc,0.24989827473958334,196528,0.5091220550239086,0.06171342101879418,/lustre/scratch/1001/rdelprete/ssm_dataset/focused/PT3/s1c-s1-raw-s-vv-20250424t170801-20250424t170839-002038-0042df.zarr,0,2560,30.57662582397461,-0.013808537274599075,0.39638227224349976,,0.31464141607284546,
1,6,64,jpeg2000,JPEG2000,channels,slc,0.2474365234375,194592,0.5054675408173352,0.06186953419819474,/lustre/scratch/1001/rdelprete/ssm_dataset/focused/PT3/s1c-s1-raw-s-vv-20250424t170801-20250424t170839-002038-0042df.zarr,0,3072,29.233203887939453,0.13099727034568787,0.6150138974189758,,0.3360021710395813,
1,7,64,jpeg2000,JPEG2000,channels,slc,0.24846394856770834,195400,0.533531344961375,0.06120312982238829,/lustre/scratch/1001/rdelprete/ssm_dataset/focused/PT3/s1c-s1-raw-s-vv-20250424t170801-20250424t170839-002038-0042df.zarr,0,3584,25.010047912597656,0.17928841710090637,0.6266250610351562,,0.4364549517631531,
2,8,1,jpeg2000,JPEG2000,channels,slc,8.160380045572916,6417584,0.42299521015957,0.3519419722724706,/lustre/scratch/1001/rdelprete/ssm_dataset/focused/PT3/s1c-s1-raw-s-vv-20250424t170801-20250424t170839-002038-0042df.zarr,0,4096,21.356182098388672,0.11866011470556259,0.6158419847488403,,0.5568982362747192,
2,9,1,jpeg2000,JPEG2000,channels,slc,11.737375895182291,9230648,0.5577554877381772,0.46844895277172327,/lustre/scratch/1001/rdelprete/ssm_dataset/focused/PT3/s1c-s1-raw-s-vv-20250424t170801-20250424t170839-002038-0042df.zarr,0,4608,13.341447830200195,-0.12443255633115768,0.24604757130146027,,0.8051482439041138,
2,10,1,jpeg2000,JPEG2000,channels,slc,12.686655680338541,9977192,0.5871905859094113,0.4942171578295529,/lustre/scratch/1001/rdelprete/ssm_dataset/focused/PT3/s1c-s1-raw-s-vv-20250424t170801-20250424t170839-002038-0042df.zarr,0,5120,11.711393356323242,-0.12016073614358902,0.24643456935882568,,0.817469596862793,
2,11,1,jpeg2000,JPEG2000,channels,slc,13.025258382161459,10243480,0.5974238631315529,0.5035002492368221,/lustre/scratch/1001/rdelprete/ssm_dataset/focused/PT3/s1c-s1-raw-s-vv-20250424t170801-20250424t170839-002038-0042df.zarr,0,5632,14.921148300170898,0.11357612162828445,0.5917083621025085,,0.5542329549789429,
2,8,2,jpeg2000,JPEG2000,channels,slc,7.995768229166667,6288128,0.42937395302578807,0.3453355790115893,/lustre/scratch/1001/rdelprete/ssm_dataset/focused/PT3/s1c-s1-raw-s-vv-20250424t170801-20250424t170839-002038-0042df.zarr,0,4096,21.34819793701172,0.11834260076284409,0.6155310273170471,,0.5570148229598999,
2,9,2,jpeg2000,JPEG2000,channels,slc,7.997843424479167,6289760,0.5635841919574887,0.3485047712456435,/lustre/scratch/1001/rdelprete/ssm_dataset/focused/PT3/s1c-s1-raw-s-vv-20250424t170801-20250424t170839-002038-0042df.zarr,0,4608,13.31011962890625,-0.12260488420724869,0.24545203149318695,,0.8060612082481384,
2,10,2,jpeg2000,JPEG2000,channels,slc,7.996714274088542,6288872,0.5940305960830301,0.3441414290573448,/lustre/scratch/1001/rdelprete/ssm_dataset/focused/PT3/s1c-s1-raw-s-vv-20250424t170801-20250424t170839-002038-0042df.zarr,0,5120,11.693181037902832,-0.11934185028076172,0.24522331357002258,,0.8181777596473694,
2,11,2,jpeg2000,JPEG2000,channels,slc,7.994832356770833,6287392,0.6046660842839628,0.3452687901444733,/lustre/scratch/1001/rdelprete/ssm_dataset/focused/PT3/s1c-s1-raw-s-vv-20250424t170801-20250424t170839-002038-0042df.zarr,0,5632,14.884078979492188,0.11223264783620834,0.5900235772132874,,0.555454432964325,
2,8,4,jpeg2000,JPEG2000,channels,slc,3.9961649576822915,3142712,0.4275989788584411,0.19061638112179935,/lustre/scratch/1001/rdelprete/ssm_dataset/focused/PT3/s1c-s1-raw-s-vv-20250424t170801-20250424t170839-002038-0042df.zarr,0,4096,21.33051300048828,0.10781196504831314,0.5974700450897217,,0.5676881074905396,
2,9,4,jpeg2000,JPEG2000,channels,slc,3.9993693033854165,3145232,0.5618649311363697,0.1884441350121051,/lustre/scratch/1001/rdelprete/ssm_dataset/focused/PT3/s1c-s1-raw-s-vv-20250424t170801-20250424t170839-002038-0042df.zarr,0,4608,13.135116577148438,-0.11280418932437897,0.22996786236763,,0.8127224445343018,
2,10,4,jpeg2000,JPEG2000,channels,slc,3.9974568684895835,3143728,0.5928083760663867,0.18915819912217557,/lustre/scratch/1001/rdelprete/ssm_dataset/focused/PT3/s1c-s1-raw-s-vv-20250424t170801-20250424t170839-002038-0042df.zarr,0,5120,11.664872169494629,-0.11364816129207611,0.22983570396900177,,0.8163542747497559,
2,11,4,jpeg2000,JPEG2000,channels,slc,3.9930318196614585,3140248,0.6039175582118332,0.1884571248665452,/lustre/scratch/1001/rdelprete/ssm_dataset/focused/PT3/s1c-s1-raw-s-vv-20250424t170801-20250424t170839-002038-0042df.zarr,0,5632,14.921587944030762,0.10278581082820892,0.5724659562110901,,0.5644941329956055,
2,8,8,jpeg2000,JPEG2000,channels,slc,1.994476318359375,1568520,0.42711818288080394,0.11862970399670303,/lustre/scratch/1001/rdelprete/ssm_dataset/focused/PT3/s1c-s1-raw-s-vv-20250424t170801-20250424t170839-002038-0042df.zarr,0,4096,21.83942413330078,0.09171442687511444,0.55732262134552,,0.5804935693740845,
2,9,8,jpeg2000,JPEG2000,channels,slc,1.9993082682291667,1572320,0.560914384899661,0.11804843810386956,/lustre/scratch/1001/rdelprete/ssm_dataset/focused/PT3/s1c-s1-raw-s-vv-20250424t170801-20250424t170839-002038-0042df.zarr,0,4608,14.089170455932617,-0.1254127025604248,0.2046307921409607,,0.7747644186019897,
2,10,8,jpeg2000,JPEG2000,channels,slc,1.9961344401041667,1569824,0.5903642741031945,0.11612553428858519,/lustre/scratch/1001/rdelprete/ssm_dataset/focused/PT3/s1c-s1-raw-s-vv-20250424t170801-20250424t170839-002038-0042df.zarr,0,5120,12.20870590209961,-0.11980544030666351,0.18855313956737518,,0.7958477735519409,
2,11,8,jpeg2000,JPEG2000,channels,slc,1.9968770345052083,1570408,0.6013113937806338,0.11725480505265296,/lustre/scratch/1001/rdelprete/ssm_dataset/focused/PT3/s1c-s1-raw-s-vv-20250424t170801-20250424t170839-002038-0042df.zarr,0,5632,15.576294898986816,0.08363722264766693,0.5311811566352844,,0.5734157562255859,
2,8,16,jpeg2000,JPEG2000,channels,slc,0.99786376953125,784752,0.426360814133659,0.08566448790952563,/lustre/scratch/1001/rdelprete/ssm_dataset/focused/PT3/s1c-s1-raw-s-vv-20250424t170801-20250424t170839-002038-0042df.zarr,0,4096,23.260822296142578,0.07982449233531952,0.5259518027305603,,0.5600216388702393,
2,9,16,jpeg2000,JPEG2000,channels,slc,0.9961751302083334,783424,0.560110687976703,0.08256053319200873,/lustre/scratch/1001/rdelprete/ssm_dataset/focused/PT3/s1c-s1-raw-s-vv-20250424t170801-20250424t170839-002038-0042df.zarr,0,4608,15.703895568847656,-0.13544967770576477,0.23298099637031555,,0.6906088590621948,
2,10,16,jpeg2000,JPEG2000,channels,slc,0.995880126953125,783192,0.5898985301610082,0.083033466944471,/lustre/scratch/1001/rdelprete/ssm_dataset/focused/PT3/s1c-s1-raw-s-vv-20250424t170801-20250424t170839-002038-0042df.zarr,0,5120,13.769176483154297,-0.14536765217781067,0.20342367887496948,,0.723839282989502,
2,11,16,jpeg2000,JPEG2000,channels,slc,0.9969380696614584,784024,0.6003192367497832,0.08458042168058455,/lustre/scratch/1001/rdelprete/ssm_dataset/focused/PT3/s1c-s1-raw-s-vv-20250424t170801-20250424t170839-002038-0042df.zarr,0,5632,17.477825164794922,0.06966641545295715,0.5192995071411133,,0.5344125032424927,
2,8,32,jpeg2000,JPEG2000,channels,slc,0.49615478515625,390192,0.4258253066800535,0.07048422913067043,/lustre/scratch/1001/rdelprete/ssm_dataset/focused/PT3/s1c-s1-raw-s-vv-20250424t170801-20250424t170839-002038-0042df.zarr,0,4096,25.23159408569336,0.06722146272659302,0.5207328200340271,,0.421875536441803,
2,9,32,jpeg2000,JPEG2000,channels,slc,0.4971415201822917,390968,0.5598611037712544,0.06676843296736479,/lustre/scratch/1001/rdelprete/ssm_dataset/focused/PT3/s1c-s1-raw-s-vv-20250424t170801-20250424t170839-002038-0042df.zarr,0,4608,17.06026268005371,-0.1417078673839569,0.3066534399986267,,0.6116334795951843,
2,10,32,jpeg2000,JPEG2000,channels,slc,0.4964701334635417,390440,0.5896309709642082,0.06830889801494777,/lustre/scratch/1001/rdelprete/ssm_dataset/focused/PT3/s1c-s1-raw-s-vv-20250424t170801-20250424t170839-002038-0042df.zarr,0,5120,16.58734703063965,-0.16282185912132263,0.34962716698646545,,0.5409486293792725,
2,11,32,jpeg2000,JPEG2000,channels,slc,0.4952189127604167,389456,0.6004176228307188,0.06802303087897599,/lustre/scratch/1001/rdelprete/ssm_dataset/focused/PT3/s1c-s1-raw-s-vv-20250424t170801-20250424t170839-002038-0042df.zarr,0,5632,20.022459030151367,0.04785006120800972,0.5549095273017883,,0.4336162805557251,
2,8,64,jpeg2000,JPEG2000,channels,slc,0.24756876627604166,194696,0.42527227313257754,0.0613890381064266,/lustre/scratch/1001/rdelprete/ssm_dataset/focused/PT3/s1c-s1-raw-s-vv-20250424t170801-20250424t170839-002038-0042df.zarr,0,4096,26.256732940673828,0.05066191032528877,0.5353015065193176,,0.29865872859954834,
2,9,64,jpeg2000,JPEG2000,channels,slc,0.24992879231770834,196552,0.5593566941097379,0.059904724825173616,/lustre/scratch/1001/rdelprete/ssm_dataset/focused/PT3/s1c-s1-raw-s-vv-20250424t170801-20250424t170839-002038-0042df.zarr,0,4608,20.015457153320312,-0.10298554599285126,0.4969872832298279,,0.39042210578918457,
2,10,64,jpeg2000,JPEG2000,channels,slc,0.24802652994791666,195056,0.5894969408400357,0.06030524196103215,/lustre/scratch/1001/rdelprete/ssm_dataset/focused/PT3/s1c-s1-raw-s-vv-20250424t170801-20250424t170839-002038-0042df.zarr,0,5120,18.81601333618164,-0.13204994797706604,0.5110381245613098,,0.3804451823234558,
2,11,64,jpeg2000,JPEG2000,channels,slc,0.2471923828125,194400,0.6002306940499693,0.05923893512226641,/lustre/scratch/1001/rdelprete/ssm_dataset/focused/PT3/s1c-s1-raw-s-vv-20250424t170801-20250424t170839-002038-0042df.zarr,0,5632,21.08657455444336,0.03727757930755615,0.5816082954406738,,0.3876575231552124,
3,12,1,jpeg2000,JPEG2000,channels,slc,13.056813557942709,10268296,0.5992547809146345,0.5047500312794,/lustre/scratch/1001/rdelprete/ssm_dataset/focused/PT3/s1c-s1-raw-s-vv-20250424t170801-20250424t170839-002038-0042df.zarr,0,6144,8.401572227478027,0.3171302080154419,0.7721596360206604,,0.40131664276123047,
3,13,1,jpeg2000,JPEG2000,channels,slc,13.356465657552084,10503952,0.6080343921203166,0.5130762378685176,/lustre/scratch/1001/rdelprete/ssm_dataset/focused/PT3/s1c-s1-raw-s-vv-20250424t170801-20250424t170839-002038-0042df.zarr,0,6656,10.112924575805664,0.24332460761070251,0.7166464328765869,,0.4560672640800476,
3,14,1,jpeg2000,JPEG2000,channels,slc,11.906778971354166,9363872,0.5644918859470636,0.474223098019138,/lustre/scratch/1001/rdelprete/ssm_dataset/focused/PT3/s1c-s1-raw-s-vv-20250424t170801-20250424t170839-002038-0042df.zarr,0,7168,7.867856979370117,2.2267515305429697e-05,0.4520692527294159,,0.6787852048873901,
3,15,1,jpeg2000,JPEG2000,channels,slc,12.664316813151041,9959624,0.5875187949277461,0.4945826530456543,/lustre/scratch/1001/rdelprete/ssm_dataset/focused/PT3/s1c-s1-raw-s-vv-20250424t170801-20250424t170839-002038-0042df.zarr,0,7680,15.193963050842285,-0.12433931231498718,0.21530209481716156,,0.9511231780052185,
3,12,2,jpeg2000,JPEG2000,channels,slc,7.99755859375,6289536,0.6054598756600171,0.3458661399781704,/lustre/scratch/1001/rdelprete/ssm_dataset/focused/PT3/s1c-s1-raw-s-vv-20250424t170801-20250424t170839-002038-0042df.zarr,0,6144,8.36584186553955,0.31406038999557495,0.7699900269508362,,0.4035375118255615,
3,13,2,jpeg2000,JPEG2000,channels,slc,7.997019449869792,6289112,0.6147485559340566,0.34729250497184694,/lustre/scratch/1001/rdelprete/ssm_dataset/focused/PT3/s1c-s1-raw-s-vv-20250424t170801-20250424t170839-002038-0042df.zarr,0,6656,10.071765899658203,0.24070647358894348,0.7146921157836914,,0.4577224850654602,
3,14,2,jpeg2000,JPEG2000,channels,slc,7.997222900390625,6289272,0.5705169721040875,0.34970499901100993,/lustre/scratch/1001/rdelprete/ssm_dataset/focused/PT3/s1c-s1-raw-s-vv-20250424t170801-20250424t170839-002038-0042df.zarr,0,7168,7.835152626037598,0.0002028720628004521,0.45088815689086914,,0.6800124645233154,
3,15,2,jpeg2000,JPEG2000,channels,slc,7.998260498046875,6290088,0.5954866472166032,0.3449402309488505,/lustre/scratch/1001/rdelprete/ssm_dataset/focused/PT3/s1c-s1-raw-s-vv-20250424t170801-20250424t170839-002038-0042df.zarr,0,7680,15.17702579498291,-0.12275770306587219,0.21440227329730988,,0.9519168734550476,
3,12,4,jpeg2000,JPEG2000,channels,slc,3.9976908365885415,3143912,0.603452845942229,0.1891667121089995,/lustre/scratch/1001/rdelprete/ssm_dataset/focused/PT3/s1c-s1-raw-s-vv-20250424t170801-20250424t170839-002038-0042df.zarr,0,6144,8.369928359985352,0.29309290647506714,0.7492128014564514,,0.41720885038375854,
3,13,4,jpeg2000,JPEG2000,channels,slc,3.9987284342447915,3144728,0.6126784109510481,0.18878208892419934,/lustre/scratch/1001/rdelprete/ssm_dataset/focused/PT3/s1c-s1-raw-s-vv-20250424t170801-20250424t170839-002038-0042df.zarr,0,6656,10.049885749816895,0.22486580908298492,0.6965550780296326,,0.46862107515335083,
3,14,4,jpeg2000,JPEG2000,channels,slc,3.9953104654947915,3142040,0.5682826419360936,0.18894022516906261,/lustre/scratch/1001/rdelprete/ssm_dataset/focused/PT3/s1c-s1-raw-s-vv-20250424t170801-20250424t170839-002038-0042df.zarr,0,7168,7.693863868713379,0.00031183077953755856,0.43538379669189453,,0.6898753643035889,
3,15,4,jpeg2000,JPEG2000,channels,slc,3.9965311686197915,3143000,0.5917910388670862,0.18969865492545068,/lustre/scratch/1001/rdelprete/ssm_dataset/focused/PT3/s1c-s1-raw-s-vv-20250424t170801-20250424t170839-002038-0042df.zarr,0,7680,15.205806732177734,-0.11449416726827621,0.19347107410430908,,0.9457582831382751,
3,12,8,jpeg2000,JPEG2000,channels,slc,1.99884033203125,1571952,0.6027944639790803,0.11696120793931186,/lustre/scratch/1001/rdelprete/ssm_dataset/focused/PT3/s1c-s1-raw-s-vv-20250424t170801-20250424t170839-002038-0042df.zarr,0,6144,8.986967086791992,0.26717913150787354,0.705983579158783,,0.4378768801689148,
3,13,8,jpeg2000,JPEG2000,channels,slc,1.9952290852864583,1569112,0.6128227969165891,0.11711223400197923,/lustre/scratch/1001/rdelprete/ssm_dataset/focused/PT3/s1c-s1-raw-s-vv-20250424t170801-20250424t170839-002038-0042df.zarr,0,6656,10.758987426757812,0.2059483677148819,0.6574348211288452,,0.48192334175109863,
3,14,8,jpeg2000,JPEG2000,channels,slc,1.9978739420572917,1571192,0.5684243238065392,0.11945125926285982,/lustre/scratch/1001/rdelprete/ssm_dataset/focused/PT3/s1c-s1-raw-s-vv-20250424t170801-20250424t170839-002038-0042df.zarr,0,7168,8.751977920532227,-0.00870826467871666,0.4091903567314148,,0.6754889488220215,
3,15,8,jpeg2000,JPEG2000,channels,slc,1.9951985677083333,1569088,0.5913486110512167,0.11695318692363799,/lustre/scratch/1001/rdelprete/ssm_dataset/focused/PT3/s1c-s1-raw-s-vv-20250424t170801-20250424t170839-002038-0042df.zarr,0,7680,15.70799446105957,-0.11395438015460968,0.12335577607154846,,0.9071152210235596,
3,12,16,jpeg2000,JPEG2000,channels,slc,0.995941162109375,783240,0.6018191119655967,0.08459657500497997,/lustre/scratch/1001/rdelprete/ssm_dataset/focused/PT3/s1c-s1-raw-s-vv-20250424t170801-20250424t170839-002038-0042df.zarr,0,6144,10.969423294067383,0.2689909338951111,0.6818135976791382,,0.42146849632263184,
3,13,16,jpeg2000,JPEG2000,channels,slc,0.9989725748697916,785624,0.6112418610136956,0.08483458100818098,/lustre/scratch/1001/rdelprete/ssm_dataset/focused/PT3/s1c-s1-raw-s-vv-20250424t170801-20250424t170839-002038-0042df.zarr,0,6656,12.915444374084473,0.20937903225421906,0.6355999112129211,,0.46083498001098633,
3,14,16,jpeg2000,JPEG2000,channels,slc,0.9916585286458334,779872,0.5673699639737606,0.08320299116894603,/lustre/scratch/1001/rdelprete/ssm_dataset/focused/PT3/s1c-s1-raw-s-vv-20250424t170801-20250424t170839-002038-0042df.zarr,0,7168,9.950597763061523,-0.023483021184802055,0.377102792263031,,0.6541649103164673,
3,15,16,jpeg2000,JPEG2000,channels,slc,0.9961039225260416,783368,0.5906352770980448,0.08399618207477033,/lustre/scratch/1001/rdelprete/ssm_dataset/focused/PT3/s1c-s1-raw-s-vv-20250424t170801-20250424t170839-002038-0042df.zarr,0,7680,17.141817092895508,-0.13286741077899933,0.009316734969615936,,0.8306728601455688,
3,12,32,jpeg2000,JPEG2000,channels,slc,0.49566650390625,389808,0.6013125367462635,0.06815801304765046,/lustre/scratch/1001/rdelprete/ssm_dataset/focused/PT3/s1c-s1-raw-s-vv-20250424t170801-20250424t170839-002038-0042df.zarr,0,6144,13.48295783996582,0.22922849655151367,0.6766892671585083,,0.35385382175445557,
3,13,32,jpeg2000,JPEG2000,channels,slc,0.4963785807291667,390368,0.6103073689155281,0.06776049104519188,/lustre/scratch/1001/rdelprete/ssm_dataset/focused/PT3/s1c-s1-raw-s-vv-20250424t170801-20250424t170839-002038-0042df.zarr,0,6656,14.873112678527832,0.17398372292518616,0.6137853860855103,,0.4331012964248657,
3,14,32,jpeg2000,JPEG2000,channels,slc,0.4980061848958333,391648,0.5665791239589453,0.06834068591706455,/lustre/scratch/1001/rdelprete/ssm_dataset/focused/PT3/s1c-s1-raw-s-vv-20250424t170801-20250424t170839-002038-0042df.zarr,0,7168,11.757287979125977,-0.039626337587833405,0.4017118513584137,,0.5903208255767822,
3,15,32,jpeg2000,JPEG2000,channels,slc,0.498291015625,391872,0.5899273932445794,0.06942823575809598,/lustre/scratch/1001/rdelprete/ssm_dataset/focused/PT3/s1c-s1-raw-s-vv-20250424t170801-20250424t170839-002038-0042df.zarr,0,7680,20.005998611450195,-0.15959089994430542,0.21741493046283722,,0.625422477722168,
3,12,64,jpeg2000,JPEG2000,channels,slc,0.24908447265625,195888,0.6013591960072517,0.05982148204930127,/lustre/scratch/1001/rdelprete/ssm_dataset/focused/PT3/s1c-s1-raw-s-vv-20250424t170801-20250424t170839-002038-0042df.zarr,0,6144,14.641108512878418,0.1995023787021637,0.6809561252593994,,0.32336223125457764,
3,13,64,jpeg2000,JPEG2000,channels,slc,0.245269775390625,192888,0.610885419882834,0.05995525070466101,/lustre/scratch/1001/rdelprete/ssm_dataset/focused/PT3/s1c-s1-raw-s-vv-20250424t170801-20250424t170839-002038-0042df.zarr,0,6656,16.22202491760254,0.15198227763175964,0.6280047297477722,,0.38395386934280396,
3,14,64,jpeg2000,JPEG2000,channels,slc,0.24806722005208334,195088,0.5667226898949593,0.06158215389586985,/lustre/scratch/1001/rdelprete/ssm_dataset/focused/PT3/s1c-s1-raw-s-vv-20250424t170801-20250424t170839-002038-0042df.zarr,0,7168,14.162851333618164,-0.04757213965058327,0.4878748953342438,,0.4596902132034302,
3,15,64,jpeg2000,JPEG2000,channels,slc,0.24687703450520834,194152,0.5896255227271467,0.06063766800798476,/lustre/scratch/1001/rdelprete/ssm_dataset/focused/PT3/s1c-s1-raw-s-vv-20250424t170801-20250424t170839-002038-0042df.zarr,0,7680,22.258045196533203,-0.1202581375837326,0.41032129526138306,,0.44312208890914917,
4,16,1,jpeg2000,JPEG2000,channels,slc,10.506378173828125,8262552,0.5147110340185463,0.4327661080751568,/lustre/scratch/1001/rdelprete/ssm_dataset/focused/PT3/s1c-s1-raw-s-vv-20250424t170801-20250424t170839-002038-0042df.zarr,0,8192,18.992919921875,-0.01923551596701145,0.4709245562553406,,0.6642889976501465,
4,17,1,jpeg2000,JPEG2000,channels,slc,9.815348307291666,7719104,0.49240378593094647,0.41207691188901663,/lustre/scratch/1001/rdelprete/ssm_dataset/focused/PT3/s1c-s1-raw-s-vv-20250424t170801-20250424t170839-002038-0042df.zarr,0,8704,29.36150550842285,0.2652153968811035,0.7025994658470154,,0.37811553478240967,
4,18,1,jpeg2000,JPEG2000,channels,slc,11.307088216145834,8892256,0.5452197613194585,0.45739925978705287,/lustre/scratch/1001/rdelprete/ssm_dataset/focused/PT3/s1c-s1-raw-s-vv-20250424t170801-20250424t170839-002038-0042df.zarr,0,9216,23.912504196166992,0.3325875997543335,0.7856566309928894,,0.3543970584869385,
4,19,1,jpeg2000,JPEG2000,channels,slc,11.201975504557291,8809592,0.5423384469468147,0.45388697599992156,/lustre/scratch/1001/rdelprete/ssm_dataset/focused/PT3/s1c-s1-raw-s-vv-20250424t170801-20250424t170839-002038-0042df.zarr,0,9728,24.46002769470215,0.10406611859798431,0.6093723773956299,,0.4780259132385254,
4,16,2,jpeg2000,JPEG2000,channels,slc,7.997487386067708,6289480,0.5213391589932144,0.34547757008112967,/lustre/scratch/1001/rdelprete/ssm_dataset/focused/PT3/s1c-s1-raw-s-vv-20250424t170801-20250424t170839-002038-0042df.zarr,0,8192,18.97709083557129,-0.01836422272026539,0.46982961893081665,,0.6654412746429443,
4,17,2,jpeg2000,JPEG2000,channels,slc,7.997507731119792,6289496,0.49666075920686126,0.3484209459275007,/lustre/scratch/1001/rdelprete/ssm_dataset/focused/PT3/s1c-s1-raw-s-vv-20250424t170801-20250424t170839-002038-0042df.zarr,0,8704,29.338523864746094,0.26194214820861816,0.7013416886329651,,0.3803108334541321,
4,18,2,jpeg2000,JPEG2000,channels,slc,7.9967041015625,6288864,0.5514967830386013,0.3491654950194061,/lustre/scratch/1001/rdelprete/ssm_dataset/focused/PT3/s1c-s1-raw-s-vv-20250424t170801-20250424t170839-002038-0042df.zarr,0,9216,23.87944984436035,0.32703614234924316,0.7838538289070129,,0.3574126958847046,
4,19,2,jpeg2000,JPEG2000,channels,slc,7.9969482421875,6289056,0.5481362659484148,0.3485447911079973,/lustre/scratch/1001/rdelprete/ssm_dataset/focused/PT3/s1c-s1-raw-s-vv-20250424t170801-20250424t170839-002038-0042df.zarr,0,9728,24.436538696289062,0.10297040641307831,0.6082181930541992,,0.4802810549736023,
4,16,4,jpeg2000,JPEG2000,channels,slc,3.9976908365885415,3143912,0.5197977828793228,0.19106282922439277,/lustre/scratch/1001/rdelprete/ssm_dataset/focused/PT3/s1c-s1-raw-s-vv-20250424t170801-20250424t170839-002038-0042df.zarr,0,8192,19.004003524780273,-0.01660694181919098,0.45235005021095276,,0.6751177906990051,
4,17,4,jpeg2000,JPEG2000,channels,slc,3.9965616861979165,3143024,0.4949980622623116,0.18926446791738272,/lustre/scratch/1001/rdelprete/ssm_dataset/focused/PT3/s1c-s1-raw-s-vv-20250424t170801-20250424t170839-002038-0042df.zarr,0,8704,29.194271087646484,0.22655263543128967,0.6839203238487244,,0.4037843942642212,
4,18,4,jpeg2000,JPEG2000,channels,slc,3.998443603515625,3144504,0.549064147984609,0.19002776592969894,/lustre/scratch/1001/rdelprete/ssm_dataset/focused/PT3/s1c-s1-raw-s-vv-20250424t170801-20250424t170839-002038-0042df.zarr,0,9216,23.830720901489258,0.2876974046230316,0.7655825018882751,,0.38305962085723877,
4,19,4,jpeg2000,JPEG2000,channels,slc,3.996734619140625,3143160,0.5463842540048063,0.1904781167395413,/lustre/scratch/1001/rdelprete/ssm_dataset/focused/PT3/s1c-s1-raw-s-vv-20250424t170801-20250424t170839-002038-0042df.zarr,0,9728,24.52008056640625,0.09631112217903137,0.5965017080307007,,0.4929385185241699,
4,16,8,jpeg2000,JPEG2000,channels,slc,1.99090576171875,1565712,0.5187440719455481,0.11764042102731764,/lustre/scratch/1001/rdelprete/ssm_dataset/focused/PT3/s1c-s1-raw-s-vv-20250424t170801-20250424t170839-002038-0042df.zarr,0,8192,19.53071403503418,-0.016025153920054436,0.4165024757385254,,0.6702675819396973,
4,17,8,jpeg2000,JPEG2000,channels,slc,1.9993896484375,1572384,0.4939572708681226,0.12028708285652101,/lustre/scratch/1001/rdelprete/ssm_dataset/focused/PT3/s1c-s1-raw-s-vv-20250424t170801-20250424t170839-002038-0042df.zarr,0,8704,29.816390991210938,0.19854885339736938,0.6685196161270142,,0.3763694167137146,
4,18,8,jpeg2000,JPEG2000,channels,slc,1.9952189127604167,1569104,0.5478778511751443,0.11757544404827058,/lustre/scratch/1001/rdelprete/ssm_dataset/focused/PT3/s1c-s1-raw-s-vv-20250424t170801-20250424t170839-002038-0042df.zarr,0,9216,24.564619064331055,0.24935713410377502,0.7309330105781555,,0.4130089282989502,
4,19,8,jpeg2000,JPEG2000,channels,slc,1.9967041015625,1570272,0.5462084230966866,0.1187820821069181,/lustre/scratch/1001/rdelprete/ssm_dataset/focused/PT3/s1c-s1-raw-s-vv-20250424t170801-20250424t170839-002038-0042df.zarr,0,9728,25.031658172607422,0.08533074706792831,0.5702986717224121,,0.4998335838317871,
4,16,16,jpeg2000,JPEG2000,channels,slc,0.9939066569010416,781640,0.5174873799551278,0.08533875201828778,/lustre/scratch/1001/rdelprete/ssm_dataset/focused/PT3/s1c-s1-raw-s-vv-20250424t170801-20250424t170839-002038-0042df.zarr,0,8192,20.92656135559082,-0.02744423598051071,0.3767680525779724,,0.6445518732070923,
4,17,16,jpeg2000,JPEG2000,channels,slc,0.9972432454427084,784264,0.49316644202917814,0.08469257899560034,/lustre/scratch/1001/rdelprete/ssm_dataset/focused/PT3/s1c-s1-raw-s-vv-20250424t170801-20250424t170839-002038-0042df.zarr,0,8704,30.464723587036133,0.14727650582790375,0.6420251131057739,,0.35435396432876587,
4,18,16,jpeg2000,JPEG2000,channels,slc,0.9992879231770834,785872,0.5472493439447135,0.08558721304871142,/lustre/scratch/1001/rdelprete/ssm_dataset/focused/PT3/s1c-s1-raw-s-vv-20250424t170801-20250424t170839-002038-0042df.zarr,0,9216,26.12896156311035,0.24239486455917358,0.7024132609367371,,0.38872742652893066,
4,19,16,jpeg2000,JPEG2000,channels,slc,0.9984029134114584,785176,0.5441514581907541,0.08731918199919164,/lustre/scratch/1001/rdelprete/ssm_dataset/focused/PT3/s1c-s1-raw-s-vv-20250424t170801-20250424t170839-002038-0042df.zarr,0,9728,26.35207748413086,0.07273703813552856,0.552735447883606,,0.4158308506011963,
4,16,32,jpeg2000,JPEG2000,channels,slc,0.4973347981770833,391120,0.5168045430909842,0.06986418599262834,/lustre/scratch/1001/rdelprete/ssm_dataset/focused/PT3/s1c-s1-raw-s-vv-20250424t170801-20250424t170839-002038-0042df.zarr,0,8192,23.20858383178711,-0.04514642432332039,0.3755837082862854,,0.5027689933776855,
4,17,32,jpeg2000,JPEG2000,channels,slc,0.4986470540364583,392152,0.49235579394735396,0.0696121898945421,/lustre/scratch/1001/rdelprete/ssm_dataset/focused/PT3/s1c-s1-raw-s-vv-20250424t170801-20250424t170839-002038-0042df.zarr,0,8704,31.477954864501953,0.11101119220256805,0.6433373689651489,,0.2647790312767029,
4,18,32,jpeg2000,JPEG2000,channels,slc,0.4995930989583333,392896,0.5464151909109205,0.06809188495390117,/lustre/scratch/1001/rdelprete/ssm_dataset/focused/PT3/s1c-s1-raw-s-vv-20250424t170801-20250424t170839-002038-0042df.zarr,0,9216,27.24410629272461,0.20105507969856262,0.6614876389503479,,0.4000699520111084,
4,19,32,jpeg2000,JPEG2000,channels,slc,0.497802734375,391488,0.5432951119728386,0.0691994649823755,/lustre/scratch/1001/rdelprete/ssm_dataset/focused/PT3/s1c-s1-raw-s-vv-20250424t170801-20250424t170839-002038-0042df.zarr,0,9728,27.086894989013672,0.06227700784802437,0.5333743095397949,,0.3837251663208008,
4,16,64,jpeg2000,JPEG2000,channels,slc,0.24619547526041666,193616,0.5165419499389827,0.06060587102547288,/lustre/scratch/1001/rdelprete/ssm_dataset/focused/PT3/s1c-s1-raw-s-vv-20250424t170801-20250424t170839-002038-0042df.zarr,0,8192,24.53209114074707,-0.036865316331386566,0.4107087552547455,,0.4237654209136963,
4,17,64,jpeg2000,JPEG2000,channels,slc,0.24812825520833334,195136,0.493828458013013,0.06215829378925264,/lustre/scratch/1001/rdelprete/ssm_dataset/focused/PT3/s1c-s1-raw-s-vv-20250424t170801-20250424t170839-002038-0042df.zarr,0,8704,32.28889846801758,0.09033624827861786,0.6594377756118774,,0.19081223011016846,
4,18,64,jpeg2000,JPEG2000,channels,slc,0.24767049153645834,194776,0.545694817090407,0.06024897820316255,/lustre/scratch/1001/rdelprete/ssm_dataset/focused/PT3/s1c-s1-raw-s-vv-20250424t170801-20250424t170839-002038-0042df.zarr,0,9216,28.753318786621094,0.18160419166088104,0.6498738527297974,,0.35926371812820435,
4,19,64,jpeg2000,JPEG2000,channels,slc,0.247100830078125,194328,0.5429843389429152,0.061330159893259406,/lustre/scratch/1001/rdelprete/ssm_dataset/focused/PT3/s1c-s1-raw-s-vv-20250424t170801-20250424t170839-002038-0042df.zarr,0,9728,29.018123626708984,0.06197173893451691,0.5459218621253967,,0.308058500289917,
5,20,1,jpeg2000,JPEG2000,channels,slc,10.582529703776041,8322440,0.5189795130863786,0.43560277414508164,/lustre/scratch/1001/rdelprete/ssm_dataset/focused/PT3/s1c-s1-raw-s-vv-20250424t170801-20250424t170839-002038-0042df.zarr,0,10240,24.461164474487305,-0.16580438613891602,0.2942502498626709,,0.6768993139266968,
5,21,1,jpeg2000,JPEG2000,channels,slc,11.922993977864584,9376624,0.5647390231024474,0.4746351616922766,/lustre/scratch/1001/rdelprete/ssm_dataset/focused/PT3/s1c-s1-raw-s-vv-20250424t170801-20250424t170839-002038-0042df.zarr,0,10752,15.181652069091797,-0.15526285767555237,0.2501966953277588,,0.7552084922790527,
5,22,1,jpeg2000,JPEG2000,channels,slc,11.6995849609375,9200928,0.557725063059479,0.46867945697158575,/lustre/scratch/1001/rdelprete/ssm_dataset/focused/PT3/s1c-s1-raw-s-vv-20250424t170801-20250424t170839-002038-0042df.zarr,0,11264,21.79539680480957,0.12553037703037262,0.643475353717804,,0.530369758605957,
5,23,1,jpeg2000,JPEG2000,channels,slc,12.163441975911459,9565720,0.5721881629433483,0.4809294699225575,/lustre/scratch/1001/rdelprete/ssm_dataset/focused/PT3/s1c-s1-raw-s-vv-20250424t170801-20250424t170839-002038-0042df.zarr,0,11776,15.073127746582031,0.3335847556591034,0.7748900651931763,,0.3481977581977844,
5,20,2,jpeg2000,JPEG2000,channels,slc,7.991465250651042,6284744,0.5256188958883286,0.3460357019212097,/lustre/scratch/1001/rdelprete/ssm_dataset/focused/PT3/s1c-s1-raw-s-vv-20250424t170801-20250424t170839-002038-0042df.zarr,0,10240,24.447864532470703,-0.1620454639196396,0.2935328185558319,,0.6790276765823364,
5,21,2,jpeg2000,JPEG2000,channels,slc,7.999430338541667,6291008,0.5711062392219901,0.34808701812289655,/lustre/scratch/1001/rdelprete/ssm_dataset/focused/PT3/s1c-s1-raw-s-vv-20250424t170801-20250424t170839-002038-0042df.zarr,0,10752,15.15870475769043,-0.15225814282894135,0.24942117929458618,,0.75664222240448,
5,22,2,jpeg2000,JPEG2000,channels,slc,7.996714274088542,6288872,0.5644303439185023,0.3488695041742176,/lustre/scratch/1001/rdelprete/ssm_dataset/focused/PT3/s1c-s1-raw-s-vv-20250424t170801-20250424t170839-002038-0042df.zarr,0,11264,21.769685745239258,0.12372981756925583,0.6421740651130676,,0.5323549509048462,
5,23,2,jpeg2000,JPEG2000,channels,slc,7.996917724609375,6289032,0.5786369079723954,0.3464141918811947,/lustre/scratch/1001/rdelprete/ssm_dataset/focused/PT3/s1c-s1-raw-s-vv-20250424t170801-20250424t170839-002038-0042df.zarr,0,11776,15.049396514892578,0.32836228609085083,0.773213267326355,,0.3510909676551819,
5,20,4,jpeg2000,JPEG2000,channels,slc,3.99578857421875,3142416,0.525152345187962,0.19172290223650634,/lustre/scratch/1001/rdelprete/ssm_dataset/focused/PT3/s1c-s1-raw-s-vv-20250424t170801-20250424t170839-002038-0042df.zarr,0,10240,24.484851837158203,-0.13054022192955017,0.2793695032596588,,0.6871688961982727,
5,21,4,jpeg2000,JPEG2000,channels,slc,3.9985860188802085,3144616,0.5694478920195252,0.18913706904277205,/lustre/scratch/1001/rdelprete/ssm_dataset/focused/PT3/s1c-s1-raw-s-vv-20250424t170801-20250424t170839-002038-0042df.zarr,0,10752,15.071798324584961,-0.1279093623161316,0.23737536370754242,,0.764448881149292,
5,22,4,jpeg2000,JPEG2000,channels,slc,3.9994099934895835,3145264,0.5629206490702927,0.18955384101718664,/lustre/scratch/1001/rdelprete/ssm_dataset/focused/PT3/s1c-s1-raw-s-vv-20250424t170801-20250424t170839-002038-0042df.zarr,0,11264,21.670000076293945,0.10856857895851135,0.6245342493057251,,0.5531245470046997,
5,23,4,jpeg2000,JPEG2000,channels,slc,3.99517822265625,3141936,0.5770367181394249,0.18919557589106262,/lustre/scratch/1001/rdelprete/ssm_dataset/focused/PT3/s1c-s1-raw-s-vv-20250424t170801-20250424t170839-002038-0042df.zarr,0,11776,14.921120643615723,0.28265729546546936,0.7530013918876648,,0.3802640438079834,
5,20,8,jpeg2000,JPEG2000,channels,slc,1.99578857421875,1569552,0.5232501928694546,0.11932354792952538,/lustre/scratch/1001/rdelprete/ssm_dataset/focused/PT3/s1c-s1-raw-s-vv-20250424t170801-20250424t170839-002038-0042df.zarr,0,10240,24.90913200378418,-0.10037962347269058,0.23804278671741486,,0.6601847410202026,
5,21,8,jpeg2000,JPEG2000,channels,slc,1.994964599609375,1568904,0.5683485751505941,0.11893510888330638,/lustre/scratch/1001/rdelprete/ssm_dataset/focused/PT3/s1c-s1-raw-s-vv-20250424t170801-20250424t170839-002038-0042df.zarr,0,10752,16.17702293395996,-0.12491405010223389,0.19809980690479279,,0.7248761653900146,
5,22,8,jpeg2000,JPEG2000,channels,slc,1.995819091796875,1569576,0.5615493759978563,0.11911242292262614,/lustre/scratch/1001/rdelprete/ssm_dataset/focused/PT3/s1c-s1-raw-s-vv-20250424t170801-20250424t170839-002038-0042df.zarr,0,11264,22.6610164642334,0.09322360157966614,0.5828567147254944,,0.565905749797821,
5,23,8,jpeg2000,JPEG2000,channels,slc,1.9954630533854167,1569296,0.5754784969612956,0.11860943515785038,/lustre/scratch/1001/rdelprete/ssm_dataset/focused/PT3/s1c-s1-raw-s-vv-20250424t170801-20250424t170839-002038-0042df.zarr,0,11776,15.751548767089844,0.2498767226934433,0.7217928767204285,,0.3935592770576477,
5,20,16,jpeg2000,JPEG2000,channels,slc,0.9988199869791666,785504,0.5218460699543357,0.08675142470747232,/lustre/scratch/1001/rdelprete/ssm_dataset/focused/PT3/s1c-s1-raw-s-vv-20250424t170801-20250424t170839-002038-0042df.zarr,0,10240,26.200578689575195,-0.08549636602401733,0.20951737463474274,,0.564162015914917,
5,21,16,jpeg2000,JPEG2000,channels,slc,0.9976806640625,784608,0.5680285980924964,0.08351199887692928,/lustre/scratch/1001/rdelprete/ssm_dataset/focused/PT3/s1c-s1-raw-s-vv-20250424t170801-20250424t170839-002038-0042df.zarr,0,10752,17.30643653869629,-0.1099516749382019,0.18222898244857788,,0.6701507568359375,
5,22,16,jpeg2000,JPEG2000,channels,slc,0.995330810546875,782760,0.5611184053122997,0.0839916740078479,/lustre/scratch/1001/rdelprete/ssm_dataset/focused/PT3/s1c-s1-raw-s-vv-20250424t170801-20250424t170839-002038-0042df.zarr,0,11264,23.663585662841797,0.07428907603025436,0.5281945466995239,,0.5643922686576843,
5,23,16,jpeg2000,JPEG2000,channels,slc,0.9962565104166666,783488,0.575095787178725,0.08403792208991945,/lustre/scratch/1001/rdelprete/ssm_dataset/focused/PT3/s1c-s1-raw-s-vv-20250424t170801-20250424t170839-002038-0042df.zarr,0,11776,16.82254409790039,0.2109186053276062,0.6818786263465881,,0.4099283218383789,
5,20,32,jpeg2000,JPEG2000,channels,slc,0.4991963704427083,392584,0.5242826498579234,0.07076951581984758,/lustre/scratch/1001/rdelprete/ssm_dataset/focused/PT3/s1c-s1-raw-s-vv-20250424t170801-20250424t170839-002038-0042df.zarr,0,10240,27.679851531982422,-0.07994531840085983,0.22505666315555573,,0.44217950105667114,
5,21,32,jpeg2000,JPEG2000,channels,slc,0.4984334309895833,391984,0.5672042609658092,0.06780908512882888,/lustre/scratch/1001/rdelprete/ssm_dataset/focused/PT3/s1c-s1-raw-s-vv-20250424t170801-20250424t170839-002038-0042df.zarr,0,10752,19.096384048461914,-0.10995547473430634,0.2537911832332611,,0.5732311606407166,
5,22,32,jpeg2000,JPEG2000,channels,slc,0.498260498046875,391848,0.5607752141077071,0.06832546601071954,/lustre/scratch/1001/rdelprete/ssm_dataset/focused/PT3/s1c-s1-raw-s-vv-20250424t170801-20250424t170839-002038-0042df.zarr,0,11264,25.38707733154297,0.06404139846563339,0.48888635635375977,,0.5402758121490479,
5,23,32,jpeg2000,JPEG2000,channels,slc,0.4977213541666667,391424,0.5744252768345177,0.0689137619920075,/lustre/scratch/1001/rdelprete/ssm_dataset/focused/PT3/s1c-s1-raw-s-vv-20250424t170801-20250424t170839-002038-0042df.zarr,0,11776,18.82227897644043,0.1942637860774994,0.673913836479187,,0.34007978439331055,
5,20,64,jpeg2000,JPEG2000,channels,slc,0.24720255533854166,194408,0.521578871877864,0.06108026229776442,/lustre/scratch/1001/rdelprete/ssm_dataset/focused/PT3/s1c-s1-raw-s-vv-20250424t170801-20250424t170839-002038-0042df.zarr,0,10240,28.782470703125,-0.06719344854354858,0.2793690264225006,,0.3766273260116577,
5,21,64,jpeg2000,JPEG2000,channels,slc,0.24505615234375,192720,0.5665367671754211,0.060960123082622886,/lustre/scratch/1001/rdelprete/ssm_dataset/focused/PT3/s1c-s1-raw-s-vv-20250424t170801-20250424t170839-002038-0042df.zarr,0,10752,21.605079650878906,-0.08094188570976257,0.4076163172721863,,0.3964763879776001,
5,22,64,jpeg2000,JPEG2000,channels,slc,0.249176025390625,195960,0.5602867959532887,0.06118934601545334,/lustre/scratch/1001/rdelprete/ssm_dataset/focused/PT3/s1c-s1-raw-s-vv-20250424t170801-20250424t170839-002038-0042df.zarr,0,11264,27.354812622070312,0.048760559409856796,0.48305487632751465,,0.44266486167907715,
5,23,64,jpeg2000,JPEG2000,channels,slc,0.24888102213541666,195728,0.574565967079252,0.061544272815808654,/lustre/scratch/1001/rdelprete/ssm_dataset/focused/PT3/s1c-s1-raw-s-vv-20250424t170801-20250424t170839-002038-0042df.zarr,0,11776,20.66179084777832,0.1453476995229721,0.6855021119117737,,0.24985933303833008,
6,24,1,jpeg2000,JPEG2000,channels,slc,11.71514892578125,9213168,0.5571503338869661,0.46860572695732117,/lustre/scratch/1001/rdelprete/ssm_dataset/focused/PT3/s1c-s1-raw-s-vv-20250424t170801-20250424t170839-002038-0042df.zarr,0,12288,14.436211585998535,0.26788434386253357,0.7211384177207947,,0.39261412620544434,
6,25,1,jpeg2000,JPEG2000,channels,slc,12.076934814453125,9497688,0.5697737589944154,0.47895684698596597,/lustre/scratch/1001/rdelprete/ssm_dataset/focused/PT3/s1c-s1-raw-s-vv-20250424t170801-20250424t170839-002038-0042df.zarr,0,12800,20.189979553222656,-0.01897404156625271,0.4676612317562103,,0.604468584060669,
6,26,1,jpeg2000,JPEG2000,channels,slc,12.717010498046875,10001064,0.5896793918218464,0.49684523697942495,/lustre/scratch/1001/rdelprete/ssm_dataset/focused/PT3/s1c-s1-raw-s-vv-20250424t170801-20250424t170839-002038-0042df.zarr,0,13312,10.931253433227539,-0.176455557346344,0.18778467178344727,,0.841099739074707,
6,27,1,jpeg2000,JPEG2000,channels,slc,12.795928955078125,10063128,0.5922195760067552,0.4991047321818769,/lustre/scratch/1001/rdelprete/ssm_dataset/focused/PT3/s1c-s1-raw-s-vv-20250424t170801-20250424t170839-002038-0042df.zarr,0,13824,11.616386413574219,-0.03469327837228775,0.4379677176475525,,0.6906929016113281,
6,24,2,jpeg2000,JPEG2000,channels,slc,7.997090657552083,6289168,0.5639364630915225,0.34882275480777025,/lustre/scratch/1001/rdelprete/ssm_dataset/focused/PT3/s1c-s1-raw-s-vv-20250424t170801-20250424t170839-002038-0042df.zarr,0,12288,14.400940895080566,0.263141006231308,0.7194076776504517,,0.3957860469818115,
6,25,2,jpeg2000,JPEG2000,channels,slc,7.997111002604167,6289184,0.5762426152359694,0.347597420681268,/lustre/scratch/1001/rdelprete/ssm_dataset/focused/PT3/s1c-s1-raw-s-vv-20250424t170801-20250424t170839-002038-0042df.zarr,0,12800,20.17028045654297,-0.017928147688508034,0.4666077792644501,,0.606428861618042,
6,26,2,jpeg2000,JPEG2000,channels,slc,7.997243245442708,6289288,0.5961055352818221,0.34480413887649775,/lustre/scratch/1001/rdelprete/ssm_dataset/focused/PT3/s1c-s1-raw-s-vv-20250424t170801-20250424t170839-002038-0042df.zarr,0,13312,10.919803619384766,-0.17266032099723816,0.18700285255908966,,0.8426794409751892,
6,27,2,jpeg2000,JPEG2000,channels,slc,7.992665608723958,6285688,0.5988888409920037,0.34503783704712987,/lustre/scratch/1001/rdelprete/ssm_dataset/focused/PT3/s1c-s1-raw-s-vv-20250424t170801-20250424t170839-002038-0042df.zarr,0,13824,11.593454360961914,-0.033355507999658585,0.4365829527378082,,0.6915513277053833,
6,24,4,jpeg2000,JPEG2000,channels,slc,3.999664306640625,3145464,0.5626035381574184,0.18910482292994857,/lustre/scratch/1001/rdelprete/ssm_dataset/focused/PT3/s1c-s1-raw-s-vv-20250424t170801-20250424t170839-002038-0042df.zarr,0,12288,14.229166030883789,0.22546625137329102,0.7006056904792786,,0.42217105627059937,
6,25,4,jpeg2000,JPEG2000,channels,slc,3.9992268880208335,3145120,0.5748176029883325,0.18947784672491252,/lustre/scratch/1001/rdelprete/ssm_dataset/focused/PT3/s1c-s1-raw-s-vv-20250424t170801-20250424t170839-002038-0042df.zarr,0,12800,20.109174728393555,-0.011880869045853615,0.4508594274520874,,0.6238619089126587,
6,26,4,jpeg2000,JPEG2000,channels,slc,3.9980367024739585,3144184,0.5948923677206039,0.1897751798387617,/lustre/scratch/1001/rdelprete/ssm_dataset/focused/PT3/s1c-s1-raw-s-vv-20250424t170801-20250424t170839-002038-0042df.zarr,0,13312,10.99488353729248,-0.14415337145328522,0.16866281628608704,,0.8469773530960083,
6,27,4,jpeg2000,JPEG2000,channels,slc,3.9984537760416665,3144512,0.5970501520205289,0.1901662030722946,/lustre/scratch/1001/rdelprete/ssm_dataset/focused/PT3/s1c-s1-raw-s-vv-20250424t170801-20250424t170839-002038-0042df.zarr,0,13824,11.617647171020508,-0.0233364999294281,0.41830453276634216,,0.6993858814239502,
6,24,8,jpeg2000,JPEG2000,channels,slc,1.99755859375,1570944,0.5614661131985486,0.1196836840827018,/lustre/scratch/1001/rdelprete/ssm_dataset/focused/PT3/s1c-s1-raw-s-vv-20250424t170801-20250424t170839-002038-0042df.zarr,0,12288,15.33942985534668,0.19889888167381287,0.6699496507644653,,0.43906521797180176,
6,25,8,jpeg2000,JPEG2000,channels,slc,1.9996236165364583,1572568,0.5737093717325479,0.11859180801548064,/lustre/scratch/1001/rdelprete/ssm_dataset/focused/PT3/s1c-s1-raw-s-vv-20250424t170801-20250424t170839-002038-0042df.zarr,0,12800,20.967975616455078,-0.010800912976264954,0.4170010983943939,,0.6135392785072327,
6,26,8,jpeg2000,JPEG2000,channels,slc,1.9967244466145833,1570288,0.5934399650432169,0.11710029514506459,/lustre/scratch/1001/rdelprete/ssm_dataset/focused/PT3/s1c-s1-raw-s-vv-20250424t170801-20250424t170839-002038-0042df.zarr,0,13312,11.579231262207031,-0.12169458717107773,0.10862387716770172,,0.8273652791976929,
6,27,8,jpeg2000,JPEG2000,channels,slc,1.997802734375,1571136,0.5967059810645878,0.11767468089237809,/lustre/scratch/1001/rdelprete/ssm_dataset/focused/PT3/s1c-s1-raw-s-vv-20250424t170801-20250424t170839-002038-0042df.zarr,0,13824,12.239212036132812,-0.019595222547650337,0.37593504786491394,,0.6973800659179688,
6,24,16,jpeg2000,JPEG2000,channels,slc,0.9985453287760416,785288,0.561128119006753,0.08481250586919487,/lustre/scratch/1001/rdelprete/ssm_dataset/focused/PT3/s1c-s1-raw-s-vv-20250424t170801-20250424t170839-002038-0042df.zarr,0,12288,16.848886489868164,0.15593062341213226,0.6239984631538391,,0.42515426874160767,
6,25,16,jpeg2000,JPEG2000,channels,slc,0.9954630533854166,782864,0.5732296470087022,0.0837852347176522,/lustre/scratch/1001/rdelprete/ssm_dataset/focused/PT3/s1c-s1-raw-s-vv-20250424t170801-20250424t170839-002038-0042df.zarr,0,12800,22.01523208618164,-0.009682461619377136,0.3827943205833435,,0.5981786251068115,
6,26,16,jpeg2000,JPEG2000,channels,slc,0.9961751302083334,783424,0.591407286003232,0.08581899618729949,/lustre/scratch/1001/rdelprete/ssm_dataset/focused/PT3/s1c-s1-raw-s-vv-20250424t170801-20250424t170839-002038-0042df.zarr,0,13312,13.119240760803223,-0.1225207969546318,0.01826425828039646,,0.7603359222412109,
6,27,16,jpeg2000,JPEG2000,channels,slc,0.99774169921875,784656,0.595421708188951,0.08495269482955337,/lustre/scratch/1001/rdelprete/ssm_dataset/focused/PT3/s1c-s1-raw-s-vv-20250424t170801-20250424t170839-002038-0042df.zarr,0,13824,13.876640319824219,-0.02940622717142105,0.35430943965911865,,0.6511127352714539,
6,24,32,jpeg2000,JPEG2000,channels,slc,0.498992919921875,392424,0.5596991810016334,0.06752123683691025,/lustre/scratch/1001/rdelprete/ssm_dataset/focused/PT3/s1c-s1-raw-s-vv-20250424t170801-20250424t170839-002038-0042df.zarr,0,12288,18.506614685058594,0.14370036125183105,0.6148234605789185,,0.3990979790687561,
6,25,32,jpeg2000,JPEG2000,channels,slc,0.4974568684895833,391216,0.5715433449950069,0.06895932904444635,/lustre/scratch/1001/rdelprete/ssm_dataset/focused/PT3/s1c-s1-raw-s-vv-20250424t170801-20250424t170839-002038-0042df.zarr,0,12800,23.852943420410156,-0.0212424173951149,0.39400485157966614,,0.4824988842010498,
6,26,32,jpeg2000,JPEG2000,channels,slc,0.4963480631510417,390344,0.591149072162807,0.06960722501389682,/lustre/scratch/1001/rdelprete/ssm_dataset/focused/PT3/s1c-s1-raw-s-vv-20250424t170801-20250424t170839-002038-0042df.zarr,0,13312,15.530165672302246,-0.13276523351669312,0.19934393465518951,,0.5722894072532654,
6,27,32,jpeg2000,JPEG2000,channels,slc,0.496337890625,390336,0.5945654918905348,0.06977059785276651,/lustre/scratch/1001/rdelprete/ssm_dataset/focused/PT3/s1c-s1-raw-s-vv-20250424t170801-20250424t170839-002038-0042df.zarr,0,13824,16.78569221496582,-0.038305796682834625,0.4195541441440582,,0.5079947113990784,
6,24,64,jpeg2000,JPEG2000,channels,slc,0.248626708984375,195528,0.5596730029210448,0.060927064158022404,/lustre/scratch/1001/rdelprete/ssm_dataset/focused/PT3/s1c-s1-raw-s-vv-20250424t170801-20250424t170839-002038-0042df.zarr,0,12288,20.963279724121094,0.09862246364355087,0.6440765261650085,,0.29256391525268555,
6,25,64,jpeg2000,JPEG2000,channels,slc,0.24491373697916666,192608,0.5717666391283274,0.06095145898871124,/lustre/scratch/1001/rdelprete/ssm_dataset/focused/PT3/s1c-s1-raw-s-vv-20250424t170801-20250424t170839-002038-0042df.zarr,0,12800,26.13541030883789,-0.019061855971813202,0.4596062898635864,,0.3621464967727661,
6,26,64,jpeg2000,JPEG2000,channels,slc,0.24873860677083334,195616,0.5915935249067843,0.060197086073458195,/lustre/scratch/1001/rdelprete/ssm_dataset/focused/PT3/s1c-s1-raw-s-vv-20250424t170801-20250424t170839-002038-0042df.zarr,0,13312,17.52043914794922,-0.10894639045000076,0.36874374747276306,,0.4521833658218384,
6,27,64,jpeg2000,JPEG2000,channels,slc,0.24860636393229166,195512,0.5949589980300516,0.05985234188847244,/lustre/scratch/1001/rdelprete/ssm_dataset/focused/PT3/s1c-s1-raw-s-vv-20250424t170801-20250424t170839-002038-0042df.zarr,0,13824,18.264728546142578,-0.03377334773540497,0.49154767394065857,,0.4317539930343628,
7,28,1,jpeg2000,JPEG2000,channels,slc,12.128774007161459,9538456,0.5703861708752811,0.47985323425382376,/lustre/scratch/1001/rdelprete/ssm_dataset/focused/PT3/s1c-s1-raw-s-vv-20250424t170801-20250424t170839-002038-0042df.zarr,0,14336,24.81109619140625,0.23476295173168182,0.7143676280975342,,0.44903433322906494,
7,29,1,jpeg2000,JPEG2000,channels,slc,12.307200113932291,9678776,0.5763136520981789,0.4850101948250085,/lustre/scratch/1001/rdelprete/ssm_dataset/focused/PT3/s1c-s1-raw-s-vv-20250424t170801-20250424t170839-002038-0042df.zarr,0,14848,19.0576114654541,0.34083008766174316,0.7731739282608032,,0.3686642646789551,
7,30,1,jpeg2000,JPEG2000,channels,slc,13.006551106770834,10228768,0.5980372740887105,0.504039895022288,/lustre/scratch/1001/rdelprete/ssm_dataset/focused/PT3/s1c-s1-raw-s-vv-20250424t170801-20250424t170839-002038-0042df.zarr,0,15360,11.680988311767578,0.12237879633903503,0.6045610904693604,,0.5130211710929871,
7,31,1,jpeg2000,JPEG2000,channels,slc,10.176900227864584,8003440,0.5039215770084411,0.423050023149699,/lustre/scratch/1001/rdelprete/ssm_dataset/focused/PT3/s1c-s1-raw-s-vv-20250424t170801-20250424t170839-002038-0042df.zarr,0,15872,22.155427932739258,-0.11480625718832016,0.3735279440879822,,0.7834014892578125,
7,28,2,jpeg2000,JPEG2000,channels,slc,7.998992919921875,6290664,0.5775385450106114,0.3471582760103047,/lustre/scratch/1001/rdelprete/ssm_dataset/focused/PT3/s1c-s1-raw-s-vv-20250424t170801-20250424t170839-002038-0042df.zarr,0,14336,24.785804748535156,0.23222361505031586,0.7126503586769104,,0.4510236978530884,
7,29,2,jpeg2000,JPEG2000,channels,slc,7.998392740885417,6290192,0.5829366680700332,0.345963385887444,/lustre/scratch/1001/rdelprete/ssm_dataset/focused/PT3/s1c-s1-raw-s-vv-20250424t170801-20250424t170839-002038-0042df.zarr,0,14848,19.03354835510254,0.3369189202785492,0.7714319825172424,,0.3708045482635498,
7,30,2,jpeg2000,JPEG2000,channels,slc,7.996673583984375,6288840,0.6044909569900483,0.34564038598909974,/lustre/scratch/1001/rdelprete/ssm_dataset/focused/PT3/s1c-s1-raw-s-vv-20250424t170801-20250424t170839-002038-0042df.zarr,0,15360,11.650440216064453,0.12071272730827332,0.6027172803878784,,0.515304684638977,
7,31,2,jpeg2000,JPEG2000,channels,slc,7.997385660807292,6289400,0.5107438820414245,0.3465412559453398,/lustre/scratch/1001/rdelprete/ssm_dataset/focused/PT3/s1c-s1-raw-s-vv-20250424t170801-20250424t170839-002038-0042df.zarr,0,15872,22.145977020263672,-0.11266251653432846,0.3725445568561554,,0.783976674079895,
7,28,4,jpeg2000,JPEG2000,channels,slc,3.99932861328125,3145200,0.5749553367495537,0.1889321042690426,/lustre/scratch/1001/rdelprete/ssm_dataset/focused/PT3/s1c-s1-raw-s-vv-20250424t170801-20250424t170839-002038-0042df.zarr,0,14336,24.654767990112305,0.21047724783420563,0.6929861903190613,,0.4685925841331482,
7,29,4,jpeg2000,JPEG2000,channels,slc,3.99493408203125,3141744,0.5830677219200879,0.18921758909709752,/lustre/scratch/1001/rdelprete/ssm_dataset/focused/PT3/s1c-s1-raw-s-vv-20250424t170801-20250424t170839-002038-0042df.zarr,0,14848,18.848661422729492,0.2967570424079895,0.7493509650230408,,0.39455533027648926,
7,30,4,jpeg2000,JPEG2000,channels,slc,3.99920654296875,3145104,0.6045638660434633,0.18962539709173143,/lustre/scratch/1001/rdelprete/ssm_dataset/focused/PT3/s1c-s1-raw-s-vv-20250424t170801-20250424t170839-002038-0042df.zarr,0,15360,11.692121505737305,0.10809126496315002,0.5849239230155945,,0.5300431251525879,
7,31,4,jpeg2000,JPEG2000,channels,slc,3.9983622233072915,3144440,0.5109566980972886,0.1915002299938351,/lustre/scratch/1001/rdelprete/ssm_dataset/focused/PT3/s1c-s1-raw-s-vv-20250424t170801-20250424t170839-002038-0042df.zarr,0,15872,22.143220901489258,-0.09250825643539429,0.35382571816444397,,0.7898881435394287,
7,28,8,jpeg2000,JPEG2000,channels,slc,1.9965108235677083,1570120,0.5837167000863701,0.11801192327402532,/lustre/scratch/1001/rdelprete/ssm_dataset/focused/PT3/s1c-s1-raw-s-vv-20250424t170801-20250424t170839-002038-0042df.zarr,0,14336,25.514537811279297,0.19813290238380432,0.6620920300483704,,0.47408604621887207,
7,29,8,jpeg2000,JPEG2000,channels,slc,1.995361328125,1569216,0.5897319111973047,0.11664561810903251,/lustre/scratch/1001/rdelprete/ssm_dataset/focused/PT3/s1c-s1-raw-s-vv-20250424t170801-20250424t170839-002038-0042df.zarr,0,14848,19.575672149658203,0.26746565103530884,0.7200347781181335,,0.4043077230453491,
7,30,8,jpeg2000,JPEG2000,channels,slc,1.9984842936197917,1571672,0.6116178440861404,0.11704249889589846,/lustre/scratch/1001/rdelprete/ssm_dataset/focused/PT3/s1c-s1-raw-s-vv-20250424t170801-20250424t170839-002038-0042df.zarr,0,15360,12.390588760375977,0.08812128752470016,0.5471299886703491,,0.5408931970596313,
7,31,8,jpeg2000,JPEG2000,channels,slc,1.995574951171875,1569384,0.5170312880072743,0.11800082703121006,/lustre/scratch/1001/rdelprete/ssm_dataset/focused/PT3/s1c-s1-raw-s-vv-20250424t170801-20250424t170839-002038-0042df.zarr,0,15872,22.738975524902344,-0.07817382365465164,0.3037724196910858,,0.7680665254592896,
7,28,16,jpeg2000,JPEG2000,channels,slc,0.9940083821614584,781720,0.5734314941801131,0.08420075685717165,/lustre/scratch/1001/rdelprete/ssm_dataset/focused/PT3/s1c-s1-raw-s-vv-20250424t170801-20250424t170839-002038-0042df.zarr,0,14336,26.648862838745117,0.16982367634773254,0.613638162612915,,0.4894326329231262,
7,29,16,jpeg2000,JPEG2000,channels,slc,0.99725341796875,784272,0.579637783113867,0.08335037203505635,/lustre/scratch/1001/rdelprete/ssm_dataset/focused/PT3/s1c-s1-raw-s-vv-20250424t170801-20250424t170839-002038-0042df.zarr,0,14848,20.912263870239258,0.23097959160804749,0.6737348437309265,,0.42822808027267456,
7,30,16,jpeg2000,JPEG2000,channels,slc,0.995819091796875,783144,0.6003294312395155,0.08467257278971374,/lustre/scratch/1001/rdelprete/ssm_dataset/focused/PT3/s1c-s1-raw-s-vv-20250424t170801-20250424t170839-002038-0042df.zarr,0,15360,14.267515182495117,0.0783252865076065,0.5383987426757812,,0.4988803267478943,
7,31,16,jpeg2000,JPEG2000,channels,slc,0.998046875,784896,0.5075952298939228,0.084954550024122,/lustre/scratch/1001/rdelprete/ssm_dataset/focused/PT3/s1c-s1-raw-s-vv-20250424t170801-20250424t170839-002038-0042df.zarr,0,15872,23.890703201293945,-0.07100129127502441,0.24143226444721222,,0.728942334651947,
7,28,32,jpeg2000,JPEG2000,channels,slc,0.49359130859375,388176,0.5735044518951327,0.06854182691313326,/lustre/scratch/1001/rdelprete/ssm_dataset/focused/PT3/s1c-s1-raw-s-vv-20250424t170801-20250424t170839-002038-0042df.zarr,0,14336,28.797454833984375,0.15810784697532654,0.6026865243911743,,0.4365464448928833,
7,29,32,jpeg2000,JPEG2000,channels,slc,0.4995524088541667,392864,0.5795270190574229,0.06834138208068907,/lustre/scratch/1001/rdelprete/ssm_dataset/focused/PT3/s1c-s1-raw-s-vv-20250424t170801-20250424t170839-002038-0042df.zarr,0,14848,23.540470123291016,0.22434625029563904,0.6759904623031616,,0.35930532217025757,
7,30,32,jpeg2000,JPEG2000,channels,slc,0.4985860188802083,392104,0.6009406540542841,0.06882967194542289,/lustre/scratch/1001/rdelprete/ssm_dataset/focused/PT3/s1c-s1-raw-s-vv-20250424t170801-20250424t170839-002038-0042df.zarr,0,15360,16.815750122070312,0.06572800129652023,0.5755224823951721,,0.390871524810791,
7,31,32,jpeg2000,JPEG2000,channels,slc,0.4993184407552083,392680,0.5073076060507447,0.07057487801648676,/lustre/scratch/1001/rdelprete/ssm_dataset/focused/PT3/s1c-s1-raw-s-vv-20250424t170801-20250424t170839-002038-0042df.zarr,0,15872,25.565013885498047,-0.0786835327744484,0.21377944946289062,,0.5523568987846375,
7,28,64,jpeg2000,JPEG2000,channels,slc,0.24669392903645834,194008,0.571936046006158,0.06077302107587457,/lustre/scratch/1001/rdelprete/ssm_dataset/focused/PT3/s1c-s1-raw-s-vv-20250424t170801-20250424t170839-002038-0042df.zarr,0,14336,31.003131866455078,0.1179434061050415,0.6253330707550049,,0.3289276361465454,
7,29,64,jpeg2000,JPEG2000,channels,slc,0.24503580729166666,192704,0.5777659907471389,0.060713483253493905,/lustre/scratch/1001/rdelprete/ssm_dataset/focused/PT3/s1c-s1-raw-s-vv-20250424t170801-20250424t170839-002038-0042df.zarr,0,14848,26.247772216796875,0.17091581225395203,0.7095658183097839,,0.2558266520500183,
7,30,64,jpeg2000,JPEG2000,channels,slc,0.24846394856770834,195400,0.5991699497681111,0.059746394865214825,/lustre/scratch/1001/rdelprete/ssm_dataset/focused/PT3/s1c-s1-raw-s-vv-20250424t170801-20250424t170839-002038-0042df.zarr,0,15360,17.835128784179688,0.05538554862141609,0.6012135744094849,,0.34973299503326416,
7,31,64,jpeg2000,JPEG2000,channels,slc,0.249420166015625,196152,0.5059447740204632,0.062118877889588475,/lustre/scratch/1001/rdelprete/ssm_dataset/focused/PT3/s1c-s1-raw-s-vv-20250424t170801-20250424t170839-002038-0042df.zarr,0,15872,26.972949981689453,-0.05901274085044861,0.2596997916698456,,0.41970163583755493,
